,cagr,volatility,sharpe,sortino,maximum_drawdown,average_turnover
q_learning,0.18379064547828206,0.20695947677166443,0.9234452078178766,1.4240936716954455,-0.2894343953985068,0.5466292134831461
