,cagr,volatility,sharpe,sortino,maximum_drawdown,average_turnover
sp500,0.1313379927488907,0.16556703068114012,0.8323420581613588,1.2682470658771046,-0.24797877905140708,0.0
sp500_gold_50_50,0.14997543038088956,0.11849696969805959,1.2451336777488327,2.138296006238539,-0.17401741238181323,0.0
