{
  "cagr": 0.183790645478282,
  "volatility": 0.2069594767716644,
  "sharpe": 0.9234452078178766,
  "sortino": 1.4240936716954455,
  "maximum_drawdown": -0.2894343953985068,
  "average_turnover": 0.5466292134831461
}